Title;Price;Habitaciones;Ba√±os;m2;m2_parcela
Luxury villa for sale in El Portet, Moraira;1.599.000;5;7;598m2;1740m2
Detached Villa in Moraira / Benitachell, Villotel;309.000;3;2;158m2;1000m2
Villa for sale in Cap Blanc, Moraira;329.000;3;2;152m2;801m2
Sea view villa for sale in Benitachell, Costa Blanca.;595.000;6;4;297m2;918m2
Villa for sale in Moraira, Costa Blanca.;495.000;4;2;207m2;1156m2
Villa for sale in Moraira, Costa Blanca.;525.000;4;4;763m2;214m2
Large villa for sale close to town in Moraira;955.000;6;4;407m2;1389m2
Town Centre Apartment for sale in Moraira;275.000;2;1;86m2;
Fantastic Villa for Sale In Moraira, Costa blanca;395.000;2;2;153m2;878m2
Spacious and Bright Apartment for Sale in San Jaime;189.000;3;3;111m2;52m2
Luxury Duplex For Sale 500m From The Arenal Beach;425.000;4;3;206m2;60m2
Charming villa for sale in Fanadix, Moraira;499.000;5;3;120m2;800m2
Luxury Penthouse For Sale in Moraira Town Center;371.000;4;3;120m2;90m2
Villa for sale in Montemar, Benissa;300.000;5;4;188m2;1570m2
Modern Villa in Benissa, Buenavista;500.000;3;2;160m2;681m2
A fully renovated and modernised villa in Moraira, Benimeit;325.000;4;3;204m2;910m2
Villa for sale in Benissa, Costa Blanca.;495.000;4;3;400m2;1450m2
Villa for Sale in Moraira, with panoramic sea views.;595.000;5;4;286m2;1000m2
Villa for sale in Moraira, close to amenities.;439.000;4;4;269m2;1061m2
Sea view villa for sale in Moraira, Costa Blanca.;785.000;4;3;276m2;865m2
Ibiza style villa for sale in Moraira, Close to town.;699.000;4;4;200m2;1050m2
Villa for sale in Moraira, walking distance to town.;449.000;3;2;280m2;990m2
SECOND LINE plot for sale in Moraira;1.900.000;;;;1903m2
Sea view plot for Sale in Teulada-Moraira;450.000;;;;1352m2
Plot for sale in Moraira, 300 meters from the beach.;365.000;;;;1410m2
Plot For Sale in El Portet, Moraira;270.000;;;;1195m2
Large Sea view plot for sale in Benissa, Costa Blanca.;270.000;;;;12455m2
San Jaime plot with views of golf course;245.000;;;;1.284m2
Sea view plot for sale in Moraira;225.000;;;;832.60m2
Sea view plot for sale in Javea, Costa Blanca;215.000;;;;1000m2
Plot for sale in Moraira, walking distance to town.;210.000;;;;800m2
Panoramic Sea View Villa in Montemar, Benissa Costa;369.000;4;3;201m2;600m2
VILLA WITHIN WALKING DISTANCE TO MORAIRA;240.000;3;2;100m2;400m2
Panoramic Sea View Villa El Portet;980.000;4;5;220m2;850m2
Villa in Benitachell, Los Calistros;399.000;4;3;235m2;719m2
Two separate apartments for sale in Moraira, Paichi;190.000;3;2;134m2;
Apartment in complex in Moraira, La Sabatera;145.000;2;1;74m2;
Modern New Build in Sol Park;695.000;7;4;492m2;800m2
2 bedroom apartment in moraira;235.000;2;1;70m2;
3 bed villa Moraira;315.000;3;2;120m2;350m2
4 bedroom villa moraira;599.950;4;4;380m2;999m2
4 Bedroom Villa in Moraira;990.000;5;4;260m2;876m2
8 bedroom villa in moraira;850.000;8;8;500m2;11000m2
3 bedroom Villa in Javea;850.000;3;2;260m2;1800m2
5 bedroom villa in denia;680.000;5;3;331m2;1600m2
6 Bedroom villa in benissa;725.000;6;5;470m2;1662m2
5 BEDROOM VILLA IN BENISSA;495.000;5;5;250m2;800m2
5 BEDROOM VILLA IN MORAIRA;3.950.000;5;5;686m2;1745m2
5 BEDROOM VILLA IN MORAIRA;3.950.000;5;5;686m2;1745m2
5 BEDROOM VILLA IN MORAIRA;1.250.000;5;3;224m2;1085m2
7 BedROOM Villa IN Moraira;1.600.000;7;7;602m2;3774m2
3 bedroom villa in moraira;349.000;3;3;198m2;841m2
4 bedroom villa Moraira;370.000;4;3;198m2;853m2
6 bedroom villa in moraira;960.000;6;4;370m2;1150m2
5 bedroom villa in moraira;1.250.000;5;3;383m2;933m2
3 bedroom townhouse in moraira;142.500;3;2;83m2;150m2
4 Bedroom Villa in Benissa costa;349.000;4;3;185m2;659m2
4 bedroom villa in moraira;649.000;4;4;200m2;1324m2
6 bedroom villa in Benitachell;395.000;6;3;290m2;2400m2
6 BEDROOM IN MORAIRA;550.000;6;5;376m2;800m2
5 BEDROOM VILLA IN MORAIRA;345.000;5;3;145m2;1045m2
4 bedroom villa in benissa;375.000;4;4;220m2;800m2
6 BEDROOM VILLA IN;595.000;6;5;335m2;982m2
5 bedroom villa in;595.000;5;5;347m2;896m2
7 Bedroom villa in Javea;995.000;7;4;619m2;2000m2
5 BEDROOM NEW BUILD;780.000;5;4;347m2;810m2
4 bedroom villa in moraira;599.000;4;3;231m2;926m2
New Build Villa in Moraira;535.000;3;3;272m2;432.29m2
4 Bedroom Villa in Moraira;337.000;4;2;190m2;816m2
